received_at,device_id,temperature_c,humidity_percent,light_raw,light_percent,relay_state,decision,edge_relay_state,edge_decision,python_relay_command,python_energy_mode,python_decision,priority,reason,predicted_consumption,forecast_source,demand_level,demand_reference_low,demand_reference_high,solar_estimate,solar_status,temperature_status,local_light_status
2026-06-25T12:17:51.555176+00:00,enerai_box_esp32_001,32.9,55.0,346,8.45,,,ON,GOOD_SOLAR_LOAD_ON,ON,NORMAL_SOLAR_MODE,GOOD_SOLAR_LOAD_ON,NORMAL,Local solar availability is favorable and no critical condition is detected. The non-critical load is allowed.,0.1700000000000727,historical_profile_forecast; dataset:data\processed\df_model_v3_corrected_weather_solar.csv,MEDIUM,0.1499999999996362,0.2799999999998545,635.175,GOOD,NORMAL,GOOD
2026-06-25T12:18:11.422799+00:00,enerai_box_esp32_001,32.8,55.0,347,8.47,,,ON,GOOD_SOLAR_LOAD_ON,ON,NORMAL_SOLAR_MODE,GOOD_SOLAR_LOAD_ON,NORMAL,Local solar availability is favorable and no critical condition is detected. The non-critical load is allowed.,0.1700000000000727,historical_profile_forecast; dataset:data\processed\df_model_v3_corrected_weather_solar.csv,MEDIUM,0.1499999999996362,0.2799999999998545,635.175,GOOD,NORMAL,GOOD
2026-06-25T12:18:21.435272+00:00,enerai_box_esp32_001,32.8,55.0,338,8.25,,,ON,GOOD_SOLAR_LOAD_ON,ON,NORMAL_SOLAR_MODE,GOOD_SOLAR_LOAD_ON,NORMAL,Local solar availability is favorable and no critical condition is detected. The non-critical load is allowed.,0.1700000000000727,historical_profile_forecast; dataset:data\processed\df_model_v3_corrected_weather_solar.csv,MEDIUM,0.1499999999996362,0.2799999999998545,635.175,GOOD,NORMAL,GOOD
2026-06-25T12:18:31.648647+00:00,enerai_box_esp32_001,32.8,55.0,329,8.03,,,ON,GOOD_SOLAR_LOAD_ON,ON,NORMAL_SOLAR_MODE,GOOD_SOLAR_LOAD_ON,NORMAL,Local solar availability is favorable and no critical condition is detected. The non-critical load is allowed.,0.1700000000000727,historical_profile_forecast; dataset:data\processed\df_model_v3_corrected_weather_solar.csv,MEDIUM,0.1499999999996362,0.2799999999998545,635.175,GOOD,NORMAL,GOOD
2026-06-25T12:18:41.597612+00:00,enerai_box_esp32_001,32.8,55.0,346,8.45,,,ON,GOOD_SOLAR_LOAD_ON,ON,NORMAL_SOLAR_MODE,GOOD_SOLAR_LOAD_ON,NORMAL,Local solar availability is favorable and no critical condition is detected. The non-critical load is allowed.,0.1700000000000727,historical_profile_forecast; dataset:data\processed\df_model_v3_corrected_weather_solar.csv,MEDIUM,0.1499999999996362,0.2799999999998545,635.175,GOOD,NORMAL,GOOD
2026-06-25T12:18:51.651301+00:00,enerai_box_esp32_001,32.8,55.0,347,8.47,,,ON,GOOD_SOLAR_LOAD_ON,ON,NORMAL_SOLAR_MODE,GOOD_SOLAR_LOAD_ON,NORMAL,Local solar availability is favorable and no critical condition is detected. The non-critical load is allowed.,0.1700000000000727,historical_profile_forecast; dataset:data\processed\df_model_v3_corrected_weather_solar.csv,MEDIUM,0.1499999999996362,0.2799999999998545,635.175,GOOD,NORMAL,GOOD
2026-06-25T12:19:02.221682+00:00,enerai_box_esp32_001,32.8,55.0,350,8.55,,,ON,GOOD_SOLAR_LOAD_ON,ON,NORMAL_SOLAR_MODE,GOOD_SOLAR_LOAD_ON,NORMAL,Local solar availability is favorable and no critical condition is detected. The non-critical load is allowed.,0.1700000000000727,historical_profile_forecast; dataset:data\processed\df_model_v3_corrected_weather_solar.csv,MEDIUM,0.1499999999996362,0.2799999999998545,635.175,GOOD,NORMAL,GOOD
2026-06-25T12:19:11.608457+00:00,enerai_box_esp32_001,32.8,55.0,349,8.52,,,ON,GOOD_SOLAR_LOAD_ON,ON,NORMAL_SOLAR_MODE,GOOD_SOLAR_LOAD_ON,NORMAL,Local solar availability is favorable and no critical condition is detected. The non-critical load is allowed.,0.1700000000000727,historical_profile_forecast; dataset:data\processed\df_model_v3_corrected_weather_solar.csv,MEDIUM,0.1499999999996362,0.2799999999998545,635.175,GOOD,NORMAL,GOOD
2026-06-25T12:19:21.555795+00:00,enerai_box_esp32_001,32.8,55.0,349,8.52,,,ON,GOOD_SOLAR_LOAD_ON,ON,NORMAL_SOLAR_MODE,GOOD_SOLAR_LOAD_ON,NORMAL,Local solar availability is favorable and no critical condition is detected. The non-critical load is allowed.,0.1700000000000727,historical_profile_forecast; dataset:data\processed\df_model_v3_corrected_weather_solar.csv,MEDIUM,0.1499999999996362,0.2799999999998545,635.175,GOOD,NORMAL,GOOD
2026-06-25T12:19:31.577559+00:00,enerai_box_esp32_001,32.8,55.0,347,8.47,,,ON,GOOD_SOLAR_LOAD_ON,ON,NORMAL_SOLAR_MODE,GOOD_SOLAR_LOAD_ON,NORMAL,Local solar availability is favorable and no critical condition is detected. The non-critical load is allowed.,0.1700000000000727,historical_profile_forecast; dataset:data\processed\df_model_v3_corrected_weather_solar.csv,MEDIUM,0.1499999999996362,0.2799999999998545,635.175,GOOD,NORMAL,GOOD
2026-06-25T12:19:41.454216+00:00,enerai_box_esp32_001,32.8,55.0,342,8.35,,,ON,GOOD_SOLAR_LOAD_ON,ON,NORMAL_SOLAR_MODE,GOOD_SOLAR_LOAD_ON,NORMAL,Local solar availability is favorable and no critical condition is detected. The non-critical load is allowed.,0.1700000000000727,historical_profile_forecast; dataset:data\processed\df_model_v3_corrected_weather_solar.csv,MEDIUM,0.1499999999996362,0.2799999999998545,635.175,GOOD,NORMAL,GOOD
2026-06-25T12:19:51.640296+00:00,enerai_box_esp32_001,32.8,55.0,349,8.52,,,ON,GOOD_SOLAR_LOAD_ON,ON,NORMAL_SOLAR_MODE,GOOD_SOLAR_LOAD_ON,NORMAL,Local solar availability is favorable and no critical condition is detected. The non-critical load is allowed.,0.1700000000000727,historical_profile_forecast; dataset:data\processed\df_model_v3_corrected_weather_solar.csv,MEDIUM,0.1499999999996362,0.2799999999998545,635.175,GOOD,NORMAL,GOOD
2026-06-25T12:20:02.057229+00:00,enerai_box_esp32_001,32.8,55.0,319,7.79,,,ON,GOOD_SOLAR_LOAD_ON,ON,NORMAL_SOLAR_MODE,GOOD_SOLAR_LOAD_ON,NORMAL,Local solar availability is favorable and no critical condition is detected. The non-critical load is allowed.,0.1700000000000727,historical_profile_forecast; dataset:data\processed\df_model_v3_corrected_weather_solar.csv,MEDIUM,0.1499999999996362,0.2799999999998545,635.175,GOOD,NORMAL,GOOD
2026-06-25T12:20:11.353728+00:00,enerai_box_esp32_001,32.8,55.0,342,8.35,,,ON,GOOD_SOLAR_LOAD_ON,ON,NORMAL_SOLAR_MODE,GOOD_SOLAR_LOAD_ON,NORMAL,Local solar availability is favorable and no critical condition is detected. The non-critical load is allowed.,0.1700000000000727,historical_profile_forecast; dataset:data\processed\df_model_v3_corrected_weather_solar.csv,MEDIUM,0.1499999999996362,0.2799999999998545,635.175,GOOD,NORMAL,GOOD
2026-06-25T12:21:37.155065+00:00,enerai_box_esp32_001,32.8,55.0,340,8.3,,,OFF,NO_DECISION_YET,ON,NORMAL_SOLAR_MODE,GOOD_SOLAR_LOAD_ON,NORMAL,Local solar availability is favorable and no critical condition is detected. The non-critical load is allowed.,0.1700000000000727,historical_profile_forecast; dataset:data\processed\df_model_v3_corrected_weather_solar.csv,MEDIUM,0.1499999999996362,0.2799999999998545,635.175,GOOD,NORMAL,GOOD
2026-06-25T12:21:46.749940+00:00,enerai_box_esp32_001,32.8,55.0,349,8.52,,,ON,GOOD_SOLAR_LOAD_ON,ON,NORMAL_SOLAR_MODE,GOOD_SOLAR_LOAD_ON,NORMAL,Local solar availability is favorable and no critical condition is detected. The non-critical load is allowed.,0.1700000000000727,historical_profile_forecast; dataset:data\processed\df_model_v3_corrected_weather_solar.csv,MEDIUM,0.1499999999996362,0.2799999999998545,635.175,GOOD,NORMAL,GOOD
2026-06-25T12:21:56.919806+00:00,enerai_box_esp32_001,32.8,55.0,340,8.3,,,ON,GOOD_SOLAR_LOAD_ON,ON,NORMAL_SOLAR_MODE,GOOD_SOLAR_LOAD_ON,NORMAL,Local solar availability is favorable and no critical condition is detected. The non-critical load is allowed.,0.1700000000000727,historical_profile_forecast; dataset:data\processed\df_model_v3_corrected_weather_solar.csv,MEDIUM,0.1499999999996362,0.2799999999998545,635.175,GOOD,NORMAL,GOOD
2026-06-25T12:22:06.960485+00:00,enerai_box_esp32_001,32.8,55.0,346,8.45,,,ON,GOOD_SOLAR_LOAD_ON,ON,NORMAL_SOLAR_MODE,GOOD_SOLAR_LOAD_ON,NORMAL,Local solar availability is favorable and no critical condition is detected. The non-critical load is allowed.,0.1700000000000727,historical_profile_forecast; dataset:data\processed\df_model_v3_corrected_weather_solar.csv,MEDIUM,0.1499999999996362,0.2799999999998545,635.175,GOOD,NORMAL,GOOD
2026-06-25T12:22:16.781812+00:00,enerai_box_esp32_001,32.8,55.0,350,8.55,,,ON,GOOD_SOLAR_LOAD_ON,ON,NORMAL_SOLAR_MODE,GOOD_SOLAR_LOAD_ON,NORMAL,Local solar availability is favorable and no critical condition is detected. The non-critical load is allowed.,0.1700000000000727,historical_profile_forecast; dataset:data\processed\df_model_v3_corrected_weather_solar.csv,MEDIUM,0.1499999999996362,0.2799999999998545,635.175,GOOD,NORMAL,GOOD
2026-06-25T12:22:26.929571+00:00,enerai_box_esp32_001,32.8,55.0,0,0.0,,,ON,GOOD_SOLAR_LOAD_ON,OFF,STANDBY_MODE,MEDIUM_DEMAND_LOW_SOLAR_STANDBY_LOAD_OFF,NORMAL,Forecasted demand is moderate while local solar availability is low. The non-critical load remains off in standby mode.,0.1700000000000727,historical_profile_forecast; dataset:data\processed\df_model_v3_corrected_weather_solar.csv,MEDIUM,0.1499999999996362,0.2799999999998545,635.175,LOW,NORMAL,LOW
2026-06-25T12:22:36.927911+00:00,enerai_box_esp32_001,32.8,56.0,336,8.21,,,OFF,MEDIUM_DEMAND_LOW_SOLAR_STANDBY_LOAD_OFF,ON,NORMAL_SOLAR_MODE,GOOD_SOLAR_LOAD_ON,NORMAL,Local solar availability is favorable and no critical condition is detected. The non-critical load is allowed.,0.1700000000000727,historical_profile_forecast; dataset:data\processed\df_model_v3_corrected_weather_solar.csv,MEDIUM,0.1499999999996362,0.2799999999998545,635.175,GOOD,NORMAL,GOOD
2026-06-25T12:22:46.855772+00:00,enerai_box_esp32_001,32.8,56.0,370,9.04,,,ON,GOOD_SOLAR_LOAD_ON,ON,NORMAL_SOLAR_MODE,GOOD_SOLAR_LOAD_ON,NORMAL,Local solar availability is favorable and no critical condition is detected. The non-critical load is allowed.,0.1700000000000727,historical_profile_forecast; dataset:data\processed\df_model_v3_corrected_weather_solar.csv,MEDIUM,0.1499999999996362,0.2799999999998545,635.175,GOOD,NORMAL,GOOD
2026-06-25T12:22:56.786422+00:00,enerai_box_esp32_001,33.1,55.0,367,8.96,,,ON,GOOD_SOLAR_LOAD_ON,ON,NORMAL_SOLAR_MODE,GOOD_SOLAR_LOAD_ON,NORMAL,Local solar availability is favorable and no critical condition is detected. The non-critical load is allowed.,0.1700000000000727,historical_profile_forecast; dataset:data\processed\df_model_v3_corrected_weather_solar.csv,MEDIUM,0.1499999999996362,0.2799999999998545,635.175,GOOD,NORMAL,GOOD
2026-06-25T12:23:06.939651+00:00,enerai_box_esp32_001,33.3,55.0,375,9.16,,,ON,GOOD_SOLAR_LOAD_ON,ON,NORMAL_SOLAR_MODE,GOOD_SOLAR_LOAD_ON,NORMAL,Local solar availability is favorable and no critical condition is detected. The non-critical load is allowed.,0.1700000000000727,historical_profile_forecast; dataset:data\processed\df_model_v3_corrected_weather_solar.csv,MEDIUM,0.1499999999996362,0.2799999999998545,635.175,GOOD,NORMAL,GOOD
2026-06-25T12:23:16.796435+00:00,enerai_box_esp32_001,33.3,54.0,373,9.11,,,ON,GOOD_SOLAR_LOAD_ON,ON,NORMAL_SOLAR_MODE,GOOD_SOLAR_LOAD_ON,NORMAL,Local solar availability is favorable and no critical condition is detected. The non-critical load is allowed.,0.1700000000000727,historical_profile_forecast; dataset:data\processed\df_model_v3_corrected_weather_solar.csv,MEDIUM,0.1499999999996362,0.2799999999998545,635.175,GOOD,NORMAL,GOOD
2026-06-25T12:23:26.731217+00:00,enerai_box_esp32_001,33.3,54.0,374,9.13,,,ON,GOOD_SOLAR_LOAD_ON,ON,NORMAL_SOLAR_MODE,GOOD_SOLAR_LOAD_ON,NORMAL,Local solar availability is favorable and no critical condition is detected. The non-critical load is allowed.,0.1700000000000727,historical_profile_forecast; dataset:data\processed\df_model_v3_corrected_weather_solar.csv,MEDIUM,0.1499999999996362,0.2799999999998545,635.175,GOOD,NORMAL,GOOD
2026-06-25T12:23:36.964688+00:00,enerai_box_esp32_001,33.3,54.0,376,9.18,,,ON,GOOD_SOLAR_LOAD_ON,ON,NORMAL_SOLAR_MODE,GOOD_SOLAR_LOAD_ON,NORMAL,Local solar availability is favorable and no critical condition is detected. The non-critical load is allowed.,0.1700000000000727,historical_profile_forecast; dataset:data\processed\df_model_v3_corrected_weather_solar.csv,MEDIUM,0.1499999999996362,0.2799999999998545,635.175,GOOD,NORMAL,GOOD
2026-06-25T12:23:46.963117+00:00,enerai_box_esp32_001,33.3,54.0,374,9.13,,,ON,GOOD_SOLAR_LOAD_ON,ON,NORMAL_SOLAR_MODE,GOOD_SOLAR_LOAD_ON,NORMAL,Local solar availability is favorable and no critical condition is detected. The non-critical load is allowed.,0.1700000000000727,historical_profile_forecast; dataset:data\processed\df_model_v3_corrected_weather_solar.csv,MEDIUM,0.1499999999996362,0.2799999999998545,635.175,GOOD,NORMAL,GOOD
2026-06-25T12:23:57.026387+00:00,enerai_box_esp32_001,33.3,54.0,373,9.11,,,ON,GOOD_SOLAR_LOAD_ON,ON,NORMAL_SOLAR_MODE,GOOD_SOLAR_LOAD_ON,NORMAL,Local solar availability is favorable and no critical condition is detected. The non-critical load is allowed.,0.1700000000000727,historical_profile_forecast; dataset:data\processed\df_model_v3_corrected_weather_solar.csv,MEDIUM,0.1499999999996362,0.2799999999998545,635.175,GOOD,NORMAL,GOOD
2026-06-25T12:24:06.852074+00:00,enerai_box_esp32_001,33.3,54.0,372,9.08,,,ON,GOOD_SOLAR_LOAD_ON,ON,NORMAL_SOLAR_MODE,GOOD_SOLAR_LOAD_ON,NORMAL,Local solar availability is favorable and no critical condition is detected. The non-critical load is allowed.,0.1700000000000727,historical_profile_forecast; dataset:data\processed\df_model_v3_corrected_weather_solar.csv,MEDIUM,0.1499999999996362,0.2799999999998545,635.175,GOOD,NORMAL,GOOD
